First Name,Last Name,Arrival Date,Departure Date,Room Number,Room Type,Country Code,Ph.,Email,Real Country Code
Himanshu,Dubey,04-JAN-26,08-JAN-26,405,KGC,GB,+91 8888829858,himanshu.dubey@trevlix.com,IN
Deric,Fairley,04-JAN-26,07-JAN-26,109,TWC,NZ,+641 1111111111,dericfairley@me.com,NZ
Marie,Vandenabeele Muzigirwa,04-JAN-26,07-JAN-26,603,TWC,BE,+32 493062889,marievandena@gmail.com,BE
Benjamin,Jones,04-JAN-26,05-JAN-26,305,KGC,GB,+44 7876186201,ben@outstrile.cu,GB
Soufiane,Louh,04-JAN-26,06-JAN-26,307,KGC,FR,+33 620225464,slouh.879473@guest.booking.com,FR
Julie,Rothschild,04-JAN-26,05-JAN-26,101,KGE,US,+1 7735759988,drjulieanneanderson@yahoo.com,US
Marcel,Gesterkamp,04-JAN-26,07-JAN-26,207,KGC,NZ,+642 20850704,gestys@gmail.com,NZ
